plan_order,wave,wave_name,batch,batch_name,chunk,risk,review_index,date,short_sha,sha,subject,rationale,top_dirs,files_changed,goal,validation,commit_url
1,1,Safety First,1A,Auth and Runtime Hardening,1A-01,high,60,2026-03-04,aeedcf3353,aeedcf33534adc786614244027f11934dc0ae6e9,Enable password reset from app.twenty.com with workspace fallback (#18271),security or auth hardening,"packages/twenty-front (7), packages/twenty-server (7)",14,Apply security fixes that reduce real production risk.,"Smoke auth, file serving, OAuth, refresh-token renewal, and CalDAV/IMAP flows.",https://github.com/twentyhq/twenty/commit/aeedcf33534adc786614244027f11934dc0ae6e9
2,1,Safety First,1A,Auth and Runtime Hardening,1A-01,high,88,2026-03-05,38ad0820c0,38ad0820c0fd95bd3db1f4fd4823cbd5757af7d0,Fix server logs leak (#18423),security or auth hardening,packages/twenty-server (31),31,Apply security fixes that reduce real production risk.,"Smoke auth, file serving, OAuth, refresh-token renewal, and CalDAV/IMAP flows.",https://github.com/twentyhq/twenty/commit/38ad0820c0fd95bd3db1f4fd4823cbd5757af7d0
3,1,Safety First,1A,Auth and Runtime Hardening,1A-01,high,101,2026-03-06,ef003fb929,ef003fb929f2092bdaa8f2b19aa0d1ccd8ef0657,fix blocklist (#18332),security or auth hardening,packages/twenty-server (31),31,Apply security fixes that reduce real production risk.,"Smoke auth, file serving, OAuth, refresh-token renewal, and CalDAV/IMAP flows.",https://github.com/twentyhq/twenty/commit/ef003fb929f2092bdaa8f2b19aa0d1ccd8ef0657
4,1,Safety First,1A,Auth and Runtime Hardening,1A-01,high,116,2026-03-06,d825ac06dd,d825ac06ddc82285a66e33d11823b33b82df7431,fix server production build (#18458),security or auth hardening,"packages/twenty-server (1), yarn.lock (1)",2,Apply security fixes that reduce real production risk.,"Smoke auth, file serving, OAuth, refresh-token renewal, and CalDAV/IMAP flows.",https://github.com/twentyhq/twenty/commit/d825ac06ddc82285a66e33d11823b33b82df7431
5,1,Safety First,1A,Auth and Runtime Hardening,1A-01,high,154,2026-03-10,05c2da2d0f,05c2da2d0fddddab1997fbaf503b883662fb496a,Improve SSRF IP validation and add protocol allowlist (#18518),security or auth hardening,packages/twenty-server (5),5,Apply security fixes that reduce real production risk.,"Smoke auth, file serving, OAuth, refresh-token renewal, and CalDAV/IMAP flows.",https://github.com/twentyhq/twenty/commit/05c2da2d0fddddab1997fbaf503b883662fb496a
6,1,Safety First,1A,Auth and Runtime Hardening,1A-01,high,190,2026-03-11,d9b3507866,d9b3507866f686ca98277d31f042f74adc8d1f84,Run vulnerable operation in isolated environment (#18523),security or auth hardening,"packages/twenty-server (20), yarn.lock (1)",21,Apply security fixes that reduce real production risk.,"Smoke auth, file serving, OAuth, refresh-token renewal, and CalDAV/IMAP flows.",https://github.com/twentyhq/twenty/commit/d9b3507866f686ca98277d31f042f74adc8d1f84
7,1,Safety First,1A,Auth and Runtime Hardening,1A-01,high,194,2026-03-11,f0c83434a7,f0c83434a7eee18a9f9963e6879c55c2088ab76f,feat: default code interpreter and logic function to Disabled in production (#18559),production safety default,"packages/twenty-server (3), packages/twenty-docs (1)",4,Apply security fixes that reduce real production risk.,"Smoke auth, file serving, OAuth, refresh-token renewal, and CalDAV/IMAP flows.",https://github.com/twentyhq/twenty/commit/f0c83434a7eee18a9f9963e6879c55c2088ab76f
8,1,Safety First,1A,Auth and Runtime Hardening,1A-01,high,310,2026-03-18,b1a7c5c4d6,b1a7c5c4d6b5493f7167d6f39ca271feafc3b2c0,Fix null connectedAccount crash in blocklist message deletion job (#18723),security or auth hardening,packages/twenty-server (1),1,Apply security fixes that reduce real production risk.,"Smoke auth, file serving, OAuth, refresh-token renewal, and CalDAV/IMAP flows.",https://github.com/twentyhq/twenty/commit/b1a7c5c4d6b5493f7167d6f39ca271feafc3b2c0
9,1,Safety First,1A,Auth and Runtime Hardening,1A-02,high,318,2026-03-18,b6c62b3812,b6c62b38123006525bc8918ae2a863eb550b1901,fix(auth): use dynamic SSE headers and add token renewal retry logic (#18706),auth token renewal fix,packages/twenty-front (5),5,Apply security fixes that reduce real production risk.,"Smoke auth, file serving, OAuth, refresh-token renewal, and CalDAV/IMAP flows.",https://github.com/twentyhq/twenty/commit/b6c62b38123006525bc8918ae2a863eb550b1901
10,1,Safety First,1A,Auth and Runtime Hardening,1A-02,high,344,2026-03-20,0a6b514898,0a6b514898c4a9c56c9c229600d30833df2bfd2e,fix: remove redundant cookie write that made tokenPair a session cookie (#18795),core product bug fix,packages/twenty-front (1),1,Apply security fixes that reduce real production risk.,"Smoke auth, file serving, OAuth, refresh-token renewal, and CalDAV/IMAP flows.",https://github.com/twentyhq/twenty/commit/0a6b514898c4a9c56c9c229600d30833df2bfd2e
11,1,Safety First,1A,Auth and Runtime Hardening,1A-02,high,378,2026-03-22,1a0588d233,1a0588d233ab921df5bfb5e5c400b88a86308257,fix: auto-retry Microsoft OAuth on AADSTS650051 race condition (#18405),security or auth hardening,packages/twenty-server (6),6,Apply security fixes that reduce real production risk.,"Smoke auth, file serving, OAuth, refresh-token renewal, and CalDAV/IMAP flows.",https://github.com/twentyhq/twenty/commit/1a0588d233ab921df5bfb5e5c400b88a86308257
12,1,Safety First,1A,Auth and Runtime Hardening,1A-02,high,400,2026-03-23,6f4f7a1198,6f4f7a1198ef31c9d7a5a1fa11df9c7fa47a2bf7,fix: add security headers to file serving endpoints to prevent stored XSS (#18857),security or auth hardening,packages/twenty-server (7),7,Apply security fixes that reduce real production risk.,"Smoke auth, file serving, OAuth, refresh-token renewal, and CalDAV/IMAP flows.",https://github.com/twentyhq/twenty/commit/6f4f7a1198ef31c9d7a5a1fa11df9c7fa47a2bf7
13,1,Safety First,1A,Auth and Runtime Hardening,1A-02,high,463,2026-03-25,bf22373315,bf22373315cbe98c5541d29bfc3fe31c31bc1abe,Fix: use user role for OAuth tokens bearing user context (#18954),security or auth hardening,packages/twenty-server (3),3,Apply security fixes that reduce real production risk.,"Smoke auth, file serving, OAuth, refresh-token renewal, and CalDAV/IMAP flows.",https://github.com/twentyhq/twenty/commit/bf22373315cbe98c5541d29bfc3fe31c31bc1abe
14,1,Safety First,1A,Auth and Runtime Hardening,1A-02,high,527,2026-03-27,08077476f3,08077476f331753a02e4ecbaadd343c0c7b47061,fix: remove remaining direct cookie writes that make tokenPair a session cookie on renewal (#19031),core product bug fix,packages/twenty-front (2),2,Apply security fixes that reduce real production risk.,"Smoke auth, file serving, OAuth, refresh-token renewal, and CalDAV/IMAP flows.",https://github.com/twentyhq/twenty/commit/08077476f331753a02e4ecbaadd343c0c7b47061
15,1,Safety First,1A,Auth and Runtime Hardening,1A-02,high,658,2026-04-02,2ebff5f4d7,2ebff5f4d7699162de62cf8e6349da68d718bff2,fix: harden token renewal and soften refresh token revocation (#19175),security or auth hardening,"packages/twenty-front (3), packages/twenty-server (2)",5,Apply security fixes that reduce real production risk.,"Smoke auth, file serving, OAuth, refresh-token renewal, and CalDAV/IMAP flows.",https://github.com/twentyhq/twenty/commit/2ebff5f4d7699162de62cf8e6349da68d718bff2
16,1,Safety First,1A,Auth and Runtime Hardening,1A-02,high,692,2026-04-03,c521ba29be,c521ba29bebad020d7393a5f9ddcb8d6d971fbb9,fix: CalDAV sync broken by SSRF hostname replacement (#19291),security or auth hardening,packages/twenty-server (3),3,Apply security fixes that reduce real production risk.,"Smoke auth, file serving, OAuth, refresh-token renewal, and CalDAV/IMAP flows.",https://github.com/twentyhq/twenty/commit/c521ba29bebad020d7393a5f9ddcb8d6d971fbb9
17,1,Safety First,1A,Auth and Runtime Hardening,1A-03,high,708,2026-04-04,8da69e0f77,8da69e0f77ea820a6845a4c3c025b6af3861d523,Fix stored XSS via unsafe URL protocols in href attributes (#19282),core product bug fix,"packages/twenty-front (10), packages/twenty-shared (4), packages/twenty-server (1)",15,Apply security fixes that reduce real production risk.,"Smoke auth, file serving, OAuth, refresh-token renewal, and CalDAV/IMAP flows.",https://github.com/twentyhq/twenty/commit/8da69e0f77ea820a6845a4c3c025b6af3861d523
18,1,Safety First,1B,Dependency Vulnerabilities,1B-01,high,263,2026-03-16,e6f1bdd1c8,e6f1bdd1c84ff1485b0b8c63a66680e1e014c79e,fix: yauzl contains an off-by-one error (#18662),security/build hardening,yarn.lock (1),1,"Close known parser, XSS, and path-traversal issues with isolated dependency fixes.","Apply this batch together, regenerate yarn.lock with install, then run build and a short auth/file smoke test.",https://github.com/twentyhq/twenty/commit/e6f1bdd1c84ff1485b0b8c63a66680e1e014c79e
19,1,Safety First,1B,Dependency Vulnerabilities,1B-01,high,265,2026-03-16,1b20bdaf6d,1b20bdaf6d0b03ccaad7425c10b6bf3bbea941e9,fix: @isaacs/brace-expansion has uncontrolled resource consumption (#18660),security/build hardening,yarn.lock (1),1,"Close known parser, XSS, and path-traversal issues with isolated dependency fixes.","Apply this batch together, regenerate yarn.lock with install, then run build and a short auth/file smoke test.",https://github.com/twentyhq/twenty/commit/1b20bdaf6d0b03ccaad7425c10b6bf3bbea941e9
20,1,Safety First,1B,Dependency Vulnerabilities,1B-01,high,266,2026-03-16,87c519b72f,87c519b72fb49cd0499414c1c86e94fe69d26d01,fix: multer vulnerable to denial of service via uncontrolled recursion (#18659),core product bug fix,"packages/twenty-server (1), yarn.lock (1)",2,"Close known parser, XSS, and path-traversal issues with isolated dependency fixes.","Apply this batch together, regenerate yarn.lock with install, then run build and a short auth/file smoke test.",https://github.com/twentyhq/twenty/commit/87c519b72fb49cd0499414c1c86e94fe69d26d01
21,1,Safety First,1B,Dependency Vulnerabilities,1B-01,high,268,2026-03-16,2c2f66b584,2c2f66b584c0456a48c14ed10d28def0c655a01d,fix: DOMPurify contains a cross-site scripting vulnerability (#18665),core product bug fix,"packages/twenty-server (1), yarn.lock (1)",2,"Close known parser, XSS, and path-traversal issues with isolated dependency fixes.","Apply this batch together, regenerate yarn.lock with install, then run build and a short auth/file smoke test.",https://github.com/twentyhq/twenty/commit/2c2f66b584c0456a48c14ed10d28def0c655a01d
22,1,Safety First,1B,Dependency Vulnerabilities,1B-01,high,271,2026-03-16,6e36ad9fa2,6e36ad9fa228059fc0be7cc6a96bebc5cd26ed73,fix: mailparser vulnerable to cross-site scripting (#18664),core product bug fix,"packages/twenty-server (1), yarn.lock (1)",2,"Close known parser, XSS, and path-traversal issues with isolated dependency fixes.","Apply this batch together, regenerate yarn.lock with install, then run build and a short auth/file smoke test.",https://github.com/twentyhq/twenty/commit/6e36ad9fa228059fc0be7cc6a96bebc5cd26ed73
23,1,Safety First,1B,Dependency Vulnerabilities,1B-01,high,613,2026-03-31,36dece43c7,36dece43c735b37d685895d2e48a89f936435bf8,Fix: Upgrade Nodemailer to address SMTP command injection vulnerability (#19151),core product bug fix,"packages/twenty-server (3), package.json (1), yarn.lock (1)",5,"Close known parser, XSS, and path-traversal issues with isolated dependency fixes.","Apply this batch together, regenerate yarn.lock with install, then run build and a short auth/file smoke test.",https://github.com/twentyhq/twenty/commit/36dece43c735b37d685895d2e48a89f936435bf8
24,1,Safety First,1B,Dependency Vulnerabilities,1B-01,high,688,2026-04-02,2ae6a9bb98,2ae6a9bb98f58b2a825007365e57677036b56fc9,fix: bump handlebars to 4.7.9 (CVE-2026-33937) (#19288),core product bug fix,"packages/twenty-shared (1), yarn.lock (1)",2,"Close known parser, XSS, and path-traversal issues with isolated dependency fixes.","Apply this batch together, regenerate yarn.lock with install, then run build and a short auth/file smoke test.",https://github.com/twentyhq/twenty/commit/2ae6a9bb98f58b2a825007365e57677036b56fc9
25,1,Safety First,1B,Dependency Vulnerabilities,1B-01,high,734,2026-04-07,8c9228cb2b,8c9228cb2b5f26dca08f54d0007c6c7e8937d202,fix: SVGO DoS through entity expansion in DOCTYPE (#19359),security/build hardening,yarn.lock (1),1,"Close known parser, XSS, and path-traversal issues with isolated dependency fixes.","Apply this batch together, regenerate yarn.lock with install, then run build and a short auth/file smoke test.",https://github.com/twentyhq/twenty/commit/8c9228cb2b5f26dca08f54d0007c6c7e8937d202
26,1,Safety First,1B,Dependency Vulnerabilities,1B-02,high,735,2026-04-07,68cd2f6d61,68cd2f6d611111a44ec98870dbfffeb3bbc343af,fix: node-tar symlink path traversal via drive-relative linkpath (#19360),security or auth hardening,"packages/twenty-server (2), yarn.lock (1)",3,"Close known parser, XSS, and path-traversal issues with isolated dependency fixes.","Apply this batch together, regenerate yarn.lock with install, then run build and a short auth/file smoke test.",https://github.com/twentyhq/twenty/commit/68cd2f6d611111a44ec98870dbfffeb3bbc343af
27,2,Backend Correctness,2A,Server and Runtime Fixes,2A-01,medium,65,2026-03-05,4c001778c2,4c001778c2ac48847c4215bde8ba152da81600a9,fix google signup edge case (#18365),core product bug fix,"packages/twenty-server (8), yarn.lock (1)",9,Pull backend fixes that improve correctness without changing product scope.,"Smoke server boot, uploads, object metadata, permissions, and export paths.",https://github.com/twentyhq/twenty/commit/4c001778c2ac48847c4215bde8ba152da81600a9
28,2,Backend Correctness,2A,Server and Runtime Fixes,2A-01,medium,206,2026-03-12,b21fb4aa6f,b21fb4aa6f1192fa5ac7a12b1ba65c8a4d7d4f2e,Fix PDF Upload edge case (#18533),core product bug fix,"packages/twenty-server (6), yarn.lock (1)",7,Pull backend fixes that improve correctness without changing product scope.,"Smoke server boot, uploads, object metadata, permissions, and export paths.",https://github.com/twentyhq/twenty/commit/b21fb4aa6f1192fa5ac7a12b1ba65c8a4d7d4f2e
29,2,Backend Correctness,2A,Server and Runtime Fixes,2A-01,medium,278,2026-03-16,cb4efb1d0e,cb4efb1d0ed2d91526dc4d01c6baf66106181161,fix: respect standard object rename across all locales (Closes #18650) (#18652),core product bug fix,packages/twenty-server (2),2,Pull backend fixes that improve correctness without changing product scope.,"Smoke server boot, uploads, object metadata, permissions, and export paths.",https://github.com/twentyhq/twenty/commit/cb4efb1d0ed2d91526dc4d01c6baf66106181161
30,2,Backend Correctness,2A,Server and Runtime Fixes,2A-01,medium,280,2026-03-16,b6b96be603,b6b96be60322a6d5ef02936cd7171076ebd46a13,Fix custom object view fields creation (#18629),core product bug fix,packages/twenty-server (9),9,Pull backend fixes that improve correctness without changing product scope.,"Smoke server boot, uploads, object metadata, permissions, and export paths.",https://github.com/twentyhq/twenty/commit/b6b96be60322a6d5ef02936cd7171076ebd46a13
31,2,Backend Correctness,2A,Server and Runtime Fixes,2A-01,high,294,2026-03-17,3204175065,320417506586d28c138a34b992b3698eb2c6de84,[FIx]: using the dynamic {objectLabelPlural} instead of hardcoded name (#18700),core app change worth pulling,packages/twenty-server (28),28,Pull backend fixes that improve correctness without changing product scope.,"Smoke server boot, uploads, object metadata, permissions, and export paths.",https://github.com/twentyhq/twenty/commit/320417506586d28c138a34b992b3698eb2c6de84
32,2,Backend Correctness,2A,Server and Runtime Fixes,2A-01,medium,307,2026-03-18,0ae62898a3,0ae62898a39ddeec0d4dafb4cb05861ff56ff3fa,fix: restructure navigationMenuItem type migration for safe upgrade path (#18722),core product bug fix,packages/twenty-server (7),7,Pull backend fixes that improve correctness without changing product scope.,"Smoke server boot, uploads, object metadata, permissions, and export paths.",https://github.com/twentyhq/twenty/commit/0ae62898a39ddeec0d4dafb4cb05861ff56ff3fa
33,2,Backend Correctness,2A,Server and Runtime Fixes,2A-01,medium,337,2026-03-19,02bfebccc2,02bfebccc26f7a13b11c0787bce13f4e2945e70a,Fix: cascade delete favorite folder children on backend (#18765),core product bug fix,packages/twenty-server (1),1,Pull backend fixes that improve correctness without changing product scope.,"Smoke server boot, uploads, object metadata, permissions, and export paths.",https://github.com/twentyhq/twenty/commit/02bfebccc26f7a13b11c0787bce13f4e2945e70a
34,2,Backend Correctness,2A,Server and Runtime Fixes,2A-01,medium,361,2026-03-20,732aea9121,732aea9121fec3430be3ff1ceeec03f6c46f9326,fix: restore original migration timestamp for messaging infrastructure (#18810),core product bug fix,packages/twenty-server (1),1,Pull backend fixes that improve correctness without changing product scope.,"Smoke server boot, uploads, object metadata, permissions, and export paths.",https://github.com/twentyhq/twenty/commit/732aea9121fec3430be3ff1ceeec03f6c46f9326
35,2,Backend Correctness,2A,Server and Runtime Fixes,2A-01,medium,391,2026-03-23,49af539032,49af5390323cbb029465bce2ea992f6b51c3d960,Fix migration crash: agent.modelId NOT NULL violation (#18844),core product bug fix,packages/twenty-server (1),1,Pull backend fixes that improve correctness without changing product scope.,"Smoke server boot, uploads, object metadata, permissions, and export paths.",https://github.com/twentyhq/twenty/commit/49af5390323cbb029465bce2ea992f6b51c3d960
36,2,Backend Correctness,2A,Server and Runtime Fixes,2A-01,medium,408,2026-03-23,708e53d829,708e53d829a1f9e0bcf964f7cc4537feed1d83dd,Fix multi-select option removal crashing when records contain removed values (#18871),core product bug fix,packages/twenty-server (2),2,Pull backend fixes that improve correctness without changing product scope.,"Smoke server boot, uploads, object metadata, permissions, and export paths.",https://github.com/twentyhq/twenty/commit/708e53d829a1f9e0bcf964f7cc4537feed1d83dd
37,2,Backend Correctness,2A,Server and Runtime Fixes,2A-02,medium,423,2026-03-24,7a1780e415,7a1780e415fbac2db3b108c1431d1368fae3aaa4,Fix duplicate views creation in command (#18900),core product bug fix,packages/twenty-server (1),1,Pull backend fixes that improve correctness without changing product scope.,"Smoke server boot, uploads, object metadata, permissions, and export paths.",https://github.com/twentyhq/twenty/commit/7a1780e415fbac2db3b108c1431d1368fae3aaa4
38,2,Backend Correctness,2A,Server and Runtime Fixes,2A-02,medium,458,2026-03-25,3295f5ee07,3295f5ee0739fea6a1f3cbac28e2c89ae977eb2e,fix logo upload during workspace onboarding (#18905),core product bug fix,packages/twenty-server (2),2,Pull backend fixes that improve correctness without changing product scope.,"Smoke server boot, uploads, object metadata, permissions, and export paths.",https://github.com/twentyhq/twenty/commit/3295f5ee0739fea6a1f3cbac28e2c89ae977eb2e
39,2,Backend Correctness,2A,Server and Runtime Fixes,2A-02,medium,508,2026-03-26,ec5ab2b84a,ec5ab2b84a7cd3f642406aba628b46d3332f7a34,Fix format result (#18975),core product bug fix,packages/twenty-server (1),1,Pull backend fixes that improve correctness without changing product scope.,"Smoke server boot, uploads, object metadata, permissions, and export paths.",https://github.com/twentyhq/twenty/commit/ec5ab2b84a7cd3f642406aba628b46d3332f7a34
40,2,Backend Correctness,2A,Server and Runtime Fixes,2A-02,high,578,2026-03-30,ecf8161d0e,ecf8161d0ea40c3846a3c190cb0f185916e835bc,Fix - Remove signFileUrl method (#19121),core product bug fix,packages/twenty-server (20),20,Pull backend fixes that improve correctness without changing product scope.,"Smoke server boot, uploads, object metadata, permissions, and export paths.",https://github.com/twentyhq/twenty/commit/ecf8161d0ea40c3846a3c190cb0f185916e835bc
41,2,Backend Correctness,2A,Server and Runtime Fixes,2A-02,medium,580,2026-03-30,ca00e8dece,ca00e8dece37dfdcd7901df992262dd40a2427fb,Fix databaseSchema migration (#19132),core product bug fix,packages/twenty-server (1),1,Pull backend fixes that improve correctness without changing product scope.,"Smoke server boot, uploads, object metadata, permissions, and export paths.",https://github.com/twentyhq/twenty/commit/ca00e8dece37dfdcd7901df992262dd40a2427fb
42,2,Backend Correctness,2A,Server and Runtime Fixes,2A-02,medium,595,2026-03-31,d10c0a6439,d10c0a643984ed653663c56ad41915fbbe92c56b,Fix: composite update events not received (#19053),core product bug fix,packages/twenty-server (6),6,Pull backend fixes that improve correctness without changing product scope.,"Smoke server boot, uploads, object metadata, permissions, and export paths.",https://github.com/twentyhq/twenty/commit/d10c0a643984ed653663c56ad41915fbbe92c56b
43,2,Backend Correctness,2A,Server and Runtime Fixes,2A-02,medium,663,2026-04-02,6ae5900ac9,6ae5900ac9ee8e757ba708514feed0ad515fda61,Fix field permission validation rejecting undefined optional fields (#19243),core product bug fix,packages/twenty-server (3),3,Pull backend fixes that improve correctness without changing product scope.,"Smoke server boot, uploads, object metadata, permissions, and export paths.",https://github.com/twentyhq/twenty/commit/6ae5900ac9ee8e757ba708514feed0ad515fda61
44,2,Backend Correctness,2A,Server and Runtime Fixes,2A-02,medium,672,2026-04-02,6f3a86c4a9,6f3a86c4a97ebceb3155aefa7e510cf874f45569,Fix insert conflict between field permission and RLS (#19244),core product bug fix,packages/twenty-server (3),3,Pull backend fixes that improve correctness without changing product scope.,"Smoke server boot, uploads, object metadata, permissions, and export paths.",https://github.com/twentyhq/twenty/commit/6f3a86c4a97ebceb3155aefa7e510cf874f45569
45,2,Backend Correctness,2A,Server and Runtime Fixes,2A-02,medium,700,2026-04-03,b55765a991,b55765a9913484a40cd572f4338d54c0e2eb2586,Fix delete/restore/destroy commands unavailable in select-all mode (#19311),core product bug fix,"packages/twenty-server (5), packages/twenty-shared (1)",6,Pull backend fixes that improve correctness without changing product scope.,"Smoke server boot, uploads, object metadata, permissions, and export paths.",https://github.com/twentyhq/twenty/commit/b55765a9913484a40cd572f4338d54c0e2eb2586
46,2,Backend Correctness,2A,Server and Runtime Fixes,2A-02,medium,749,2026-04-07,f39fccc3c4,f39fccc3c466cd5d83565910ec211eadbcdc77d0,fix(messaging): split thread create/update statements and stop clobbering accumulator (#19388),core product bug fix,packages/twenty-server (1),1,Pull backend fixes that improve correctness without changing product scope.,"Smoke server boot, uploads, object metadata, permissions, and export paths.",https://github.com/twentyhq/twenty/commit/f39fccc3c466cd5d83565910ec211eadbcdc77d0
47,2,Backend Correctness,2A,Server and Runtime Fixes,2A-03,medium,751,2026-04-07,1b14e7e1f1,1b14e7e1f19ee84fdda35055f3c4ba5e3f5ea951,Fix - Update package.json (#19390),server dependency fix,"packages/twenty-server (1), yarn.lock (1)",2,Pull backend fixes that improve correctness without changing product scope.,"Smoke server boot, uploads, object metadata, permissions, and export paths.",https://github.com/twentyhq/twenty/commit/1b14e7e1f19ee84fdda35055f3c4ba5e3f5ea951
48,2,Backend Correctness,2B,"Data, Query, and Cache Fixes",2B-01,medium,84,2026-03-05,1decd40eea,1decd40eea1464b6ebb8c96241e4abe0e707e564,Remove unecessary queries for aggregate (#18421),server perf fix,packages/twenty-server (1),1,"Fix query semantics, data integrity, cache invalidation, and backend performance.","Exercise filters, relations, views, permissions, caching, and CSV/export flows.",https://github.com/twentyhq/twenty/commit/1decd40eea1464b6ebb8c96241e4abe0e707e564
49,2,Backend Correctness,2B,"Data, Query, and Cache Fixes",2B-01,medium,93,2026-03-05,fc2b1de860,fc2b1de860f4dcb523dec5f0756714fd4193a04c,fix: composite field sub-menu not showing in advanced filter (#18395),core product bug fix,packages/twenty-front (1),1,"Fix query semantics, data integrity, cache invalidation, and backend performance.","Exercise filters, relations, views, permissions, caching, and CSV/export flows.",https://github.com/twentyhq/twenty/commit/fc2b1de860f4dcb523dec5f0756714fd4193a04c
50,2,Backend Correctness,2B,"Data, Query, and Cache Fixes",2B-01,medium,121,2026-03-06,9f9a6a45dd,9f9a6a45dd786c8dc16e758a2c0e341bd7d12dca,fix: enforce the user to pass in property with id suffix for morph relations in Rest API (#18335),core product bug fix,packages/twenty-server (17),17,"Fix query semantics, data integrity, cache invalidation, and backend performance.","Exercise filters, relations, views, permissions, caching, and CSV/export flows.",https://github.com/twentyhq/twenty/commit/9f9a6a45dd786c8dc16e758a2c0e341bd7d12dca
51,2,Backend Correctness,2B,"Data, Query, and Cache Fixes",2B-01,medium,127,2026-03-06,faee5ee63d,faee5ee63d5bceea3e52aa329c47250245e0a330,"fix: morph relation persist uses wrong foreign key naming, producing invalid field parentObjectId. (#18352)",core product bug fix,packages/twenty-front (3),3,"Fix query semantics, data integrity, cache invalidation, and backend performance.","Exercise filters, relations, views, permissions, caching, and CSV/export flows.",https://github.com/twentyhq/twenty/commit/faee5ee63d5bceea3e52aa329c47250245e0a330
52,2,Backend Correctness,2B,"Data, Query, and Cache Fixes",2B-01,medium,129,2026-03-06,73268535dc,73268535dc5b2d2be556585df812bc928666c58c,Added record filter hidden fields in query (#18149),query/filter correctness,"packages/twenty-front (9), packages/twenty-shared (3)",12,"Fix query semantics, data integrity, cache invalidation, and backend performance.","Exercise filters, relations, views, permissions, caching, and CSV/export flows.",https://github.com/twentyhq/twenty/commit/73268535dc5b2d2be556585df812bc928666c58c
53,2,Backend Correctness,2B,"Data, Query, and Cache Fixes",2B-01,medium,143,2026-03-09,82a1179e23,82a1179e238c5ceb292e9be17d7a48b76ee9ca84,Fix empty record index page (#18500),core product bug fix,packages/twenty-front (1),1,"Fix query semantics, data integrity, cache invalidation, and backend performance.","Exercise filters, relations, views, permissions, caching, and CSV/export flows.",https://github.com/twentyhq/twenty/commit/82a1179e238c5ceb292e9be17d7a48b76ee9ca84
54,2,Backend Correctness,2B,"Data, Query, and Cache Fixes",2B-01,medium,145,2026-03-09,5ab3eeb830,5ab3eeb8304df9a82144eabe3fe74cae31fdb9fd,fix: throw clear error on invalid LOG_LEVELS (#18495),core product bug fix,packages/twenty-server (2),2,"Fix query semantics, data integrity, cache invalidation, and backend performance.","Exercise filters, relations, views, permissions, caching, and CSV/export flows.",https://github.com/twentyhq/twenty/commit/5ab3eeb8304df9a82144eabe3fe74cae31fdb9fd
55,2,Backend Correctness,2B,"Data, Query, and Cache Fixes",2B-01,medium,210,2026-03-12,db5b4d9c6c,db5b4d9c6cdf8c066964cdc3efacf6ba00fc2c8e,fix: replace unsafe JSON.parse casts with parseJson in filter dropdowns (#18513),core product bug fix,packages/twenty-front (4),4,"Fix query semantics, data integrity, cache invalidation, and backend performance.","Exercise filters, relations, views, permissions, caching, and CSV/export flows.",https://github.com/twentyhq/twenty/commit/db5b4d9c6cdf8c066964cdc3efacf6ba00fc2c8e
56,2,Backend Correctness,2B,"Data, Query, and Cache Fixes",2B-01,high,223,2026-03-12,5bfa4c5c39,5bfa4c5c39ee99a6454a62dc34bcc89917d5e25c,Fix wrong uuid error (#18590),core product bug fix,"packages/twenty-sdk (4), packages/twenty-front (1), packages/twenty-server (1)",6,"Fix query semantics, data integrity, cache invalidation, and backend performance.","Exercise filters, relations, views, permissions, caching, and CSV/export flows.",https://github.com/twentyhq/twenty/commit/5bfa4c5c39ee99a6454a62dc34bcc89917d5e25c
57,2,Backend Correctness,2B,"Data, Query, and Cache Fixes",2B-01,high,228,2026-03-12,ab13020e2b,ab13020e2b22d45bf0a9b66930af4d555904a3f5,Fix wrong uuid error on field metadata (#18598),core product bug fix,"packages/twenty-sdk (3), packages/twenty-front (1), packages/twenty-server (1)",5,"Fix query semantics, data integrity, cache invalidation, and backend performance.","Exercise filters, relations, views, permissions, caching, and CSV/export flows.",https://github.com/twentyhq/twenty/commit/ab13020e2b22d45bf0a9b66930af4d555904a3f5
58,2,Backend Correctness,2B,"Data, Query, and Cache Fixes",2B-03,high,235,2026-03-13,0641e07ca6,0641e07ca6f61f14f4cef1621cb1fec1fb71d78b,Bring back relations notes tasks targets (#18600),core app change worth pulling,"packages/twenty-server (3), packages/twenty-front (1), packages/twenty-shared (1)",5,"Fix query semantics, data integrity, cache invalidation, and backend performance.","Exercise filters, relations, views, permissions, caching, and CSV/export flows.",https://github.com/twentyhq/twenty/commit/0641e07ca6f61f14f4cef1621cb1fec1fb71d78b
59,2,Backend Correctness,2B,"Data, Query, and Cache Fixes",2B-02,medium,275,2026-03-16,e552704201,e552704201342942f5d3d825875eea72a1a3ce34,fix: add viewFieldGroupId to ViewField fragment and connect page layout selectors to live metadata store (#18676),core product bug fix,packages/twenty-front (5),5,"Fix query semantics, data integrity, cache invalidation, and backend performance.","Exercise filters, relations, views, permissions, caching, and CSV/export flows.",https://github.com/twentyhq/twenty/commit/e552704201342942f5d3d825875eea72a1a3ce34
60,2,Backend Correctness,2B,"Data, Query, and Cache Fixes",2B-02,medium,306,2026-03-18,fb5b68f1d8,fb5b68f1d8eb6f82ba3c58a5950d4b99f821b927,Skip threads with no participants in timeline formatting (#18725),core app change worth pulling,packages/twenty-server (1),1,"Fix query semantics, data integrity, cache invalidation, and backend performance.","Exercise filters, relations, views, permissions, caching, and CSV/export flows.",https://github.com/twentyhq/twenty/commit/fb5b68f1d8eb6f82ba3c58a5950d4b99f821b927
61,2,Backend Correctness,2B,"Data, Query, and Cache Fixes",2B-02,medium,309,2026-03-18,a8c445a1c2,a8c445a1c28e0f70ed799555b4ea35f86386971d,Treat Microsoft Graph 400 with empty body as transient error (#18726),core app change worth pulling,packages/twenty-server (1),1,"Fix query semantics, data integrity, cache invalidation, and backend performance.","Exercise filters, relations, views, permissions, caching, and CSV/export flows.",https://github.com/twentyhq/twenty/commit/a8c445a1c28e0f70ed799555b4ea35f86386971d
62,2,Backend Correctness,2B,"Data, Query, and Cache Fixes",2B-02,medium,327,2026-03-18,394a3cef15,394a3cef15aefaae0ddc639f50b28155fa041624,fix: restore ViewFilter value stringification lost in converter removal (#18745),core product bug fix,packages/twenty-front (2),2,"Fix query semantics, data integrity, cache invalidation, and backend performance.","Exercise filters, relations, views, permissions, caching, and CSV/export flows.",https://github.com/twentyhq/twenty/commit/394a3cef15aefaae0ddc639f50b28155fa041624
63,2,Backend Correctness,2B,"Data, Query, and Cache Fixes",2B-02,medium,338,2026-03-19,8005b35b56,8005b35b56838fa03a959b74d0a92bf482fbba29,Fix relation connect where failing on mixed-case email and URL (#18605),core product bug fix,"packages/twenty-server (7), packages/twenty-front (2)",9,"Fix query semantics, data integrity, cache invalidation, and backend performance.","Exercise filters, relations, views, permissions, caching, and CSV/export flows.",https://github.com/twentyhq/twenty/commit/8005b35b56838fa03a959b74d0a92bf482fbba29
64,2,Backend Correctness,2B,"Data, Query, and Cache Fixes",2B-02,medium,348,2026-03-20,217adc8d17,217adc8d177dd109228bb5075fe2f6b0041eb666,fix: add missing LEFT JOIN for relation fields in groupBy orderByForRecords (#18798),core product bug fix,packages/twenty-server (3),3,"Fix query semantics, data integrity, cache invalidation, and backend performance.","Exercise filters, relations, views, permissions, caching, and CSV/export flows.",https://github.com/twentyhq/twenty/commit/217adc8d177dd109228bb5075fe2f6b0041eb666
65,2,Backend Correctness,2B,"Data, Query, and Cache Fixes",2B-03,high,365,2026-03-21,cd651f57cb,cd651f57cba97fe4fd8fa119d1f7b8cb3307ecba,fix: prevent blank subdomain from being saved (#18812),core product bug fix,"packages/twenty-front (14), packages/twenty-shared (7), packages/twenty-server (4), packages/{twenty-server (1)",26,"Fix query semantics, data integrity, cache invalidation, and backend performance.","Exercise filters, relations, views, permissions, caching, and CSV/export flows.",https://github.com/twentyhq/twenty/commit/cd651f57cba97fe4fd8fa119d1f7b8cb3307ecba
66,2,Backend Correctness,2B,"Data, Query, and Cache Fixes",2B-03,high,370,2026-03-21,d69e4d7008,d69e4d7008068475b8d6e0730b8063312c0f44c8,fix: prevent FIND_RECORDS from silently dropping unresolved filter variables (#18814),core product bug fix,"packages/twenty-shared (10), packages/twenty-front (5), packages/twenty-server (1)",16,"Fix query semantics, data integrity, cache invalidation, and backend performance.","Exercise filters, relations, views, permissions, caching, and CSV/export flows.",https://github.com/twentyhq/twenty/commit/d69e4d7008068475b8d6e0730b8063312c0f44c8
67,2,Backend Correctness,2B,"Data, Query, and Cache Fixes",2B-02,medium,371,2026-03-22,246afe0f2a,246afe0f2a02ecdfb059a0a604a9bc4ea2b61d94,fix: skip chat messages query when thread ID is the unknown-thread default (#18828),core product bug fix,packages/twenty-front (1),1,"Fix query semantics, data integrity, cache invalidation, and backend performance.","Exercise filters, relations, views, permissions, caching, and CSV/export flows.",https://github.com/twentyhq/twenty/commit/246afe0f2a02ecdfb059a0a604a9bc4ea2b61d94
68,2,Backend Correctness,2B,"Data, Query, and Cache Fixes",2B-03,medium,373,2026-03-22,bdaff0b7e2,bdaff0b7e29c36e67a84b6cf57ac5bb0c1dc0ebc,Fetch load more on group by (#18811),core app change worth pulling,packages/twenty-front (5),5,"Fix query semantics, data integrity, cache invalidation, and backend performance.","Exercise filters, relations, views, permissions, caching, and CSV/export flows.",https://github.com/twentyhq/twenty/commit/bdaff0b7e29c36e67a84b6cf57ac5bb0c1dc0ebc
69,2,Backend Correctness,2B,"Data, Query, and Cache Fixes",2B-03,medium,430,2026-03-24,27c0ca975f,27c0ca975ff5f7b56ec2412776e48a6956b73176,Fix navigation “add before/after” insertion index (#18879),core product bug fix,packages/twenty-front (3),3,"Fix query semantics, data integrity, cache invalidation, and backend performance.","Exercise filters, relations, views, permissions, caching, and CSV/export flows.",https://github.com/twentyhq/twenty/commit/27c0ca975ff5f7b56ec2412776e48a6956b73176
70,2,Backend Correctness,2B,"Data, Query, and Cache Fixes",2B-03,medium,438,2026-03-24,c94aa7316a,c94aa7316af87eeb9e8e8b34abfc3967edb03044,send X-Schema-Version header when metadataVersion is 0 (#18924),core app change worth pulling,"packages/twenty-front (1), packages/twenty-server (1)",2,"Fix query semantics, data integrity, cache invalidation, and backend performance.","Exercise filters, relations, views, permissions, caching, and CSV/export flows.",https://github.com/twentyhq/twenty/commit/c94aa7316af87eeb9e8e8b34abfc3967edb03044
71,2,Backend Correctness,2B,"Data, Query, and Cache Fixes",2B-03,medium,460,2026-03-25,e6bb39deea,e6bb39deea68a18f111e967d72a833423f7c9ab4,fix: reset throttle state on channel relaunch (#18843),core product bug fix,packages/twenty-server (3),3,"Fix query semantics, data integrity, cache invalidation, and backend performance.","Exercise filters, relations, views, permissions, caching, and CSV/export flows.",https://github.com/twentyhq/twenty/commit/e6bb39deea68a18f111e967d72a833423f7c9ab4
72,2,Backend Correctness,2B,"Data, Query, and Cache Fixes",2B-03,medium,461,2026-03-25,523289efad,523289efad708ac079a15d08fe3d6c8a1bba32cb,Do not rollback on cache invalidation failure in workspace migration runner (#18947),core app change worth pulling,packages/twenty-server (1),1,"Fix query semantics, data integrity, cache invalidation, and backend performance.","Exercise filters, relations, views, permissions, caching, and CSV/export flows.",https://github.com/twentyhq/twenty/commit/523289efad708ac079a15d08fe3d6c8a1bba32cb
73,2,Backend Correctness,2B,"Data, Query, and Cache Fixes",2B-03,medium,494,2026-03-26,3c5796bdb0,3c5796bdb033c20d48b73e219588de9f90c0fba2,fix: handle dashboard filters referencing deleted fields (#18512),core product bug fix,packages/twenty-server (9),9,"Fix query semantics, data integrity, cache invalidation, and backend performance.","Exercise filters, relations, views, permissions, caching, and CSV/export flows.",https://github.com/twentyhq/twenty/commit/3c5796bdb033c20d48b73e219588de9f90c0fba2
74,2,Backend Correctness,2B,"Data, Query, and Cache Fixes",2B-03,medium,496,2026-03-26,c28e637ea7,c28e637ea752c2380dd2ac30025e7757ea5e49ba,fix: prevent empty array `id.in` filter in single record picker (#18995),core product bug fix,packages/twenty-front (1),1,"Fix query semantics, data integrity, cache invalidation, and backend performance.","Exercise filters, relations, views, permissions, caching, and CSV/export flows.",https://github.com/twentyhq/twenty/commit/c28e637ea752c2380dd2ac30025e7757ea5e49ba
75,2,Backend Correctness,2B,"Data, Query, and Cache Fixes",2B-03,medium,512,2026-03-26,e63a23ea00,e63a23ea002e307534a73e7c641a41a5c2775b73,Fix create new with filters (#18969),core product bug fix,packages/twenty-front (2),2,"Fix query semantics, data integrity, cache invalidation, and backend performance.","Exercise filters, relations, views, permissions, caching, and CSV/export flows.",https://github.com/twentyhq/twenty/commit/e63a23ea002e307534a73e7c641a41a5c2775b73
76,2,Backend Correctness,2B,"Data, Query, and Cache Fixes",2B-03,medium,525,2026-03-27,17424320e3,17424320e3a56110e688e8022212c7849b4ec93d,fix: gate command-menu-items query behind feature flag (#19029),core product bug fix,"packages/twenty-front (1), packages/twenty-server (1)",2,"Fix query semantics, data integrity, cache invalidation, and backend performance.","Exercise filters, relations, views, permissions, caching, and CSV/export flows.",https://github.com/twentyhq/twenty/commit/17424320e3a56110e688e8022212c7849b4ec93d
77,2,Backend Correctness,2B,"Data, Query, and Cache Fixes",2B-03,medium,533,2026-03-27,c2b058a6a7,c2b058a6a74ac181d2e974e8fecbfcc099097fec,fix: use workspace-generated id for core dual-write in message folder save (#19038),core product bug fix,packages/twenty-server (1),1,"Fix query semantics, data integrity, cache invalidation, and backend performance.","Exercise filters, relations, views, permissions, caching, and CSV/export flows.",https://github.com/twentyhq/twenty/commit/c2b058a6a74ac181d2e974e8fecbfcc099097fec
78,2,Backend Correctness,2B,"Data, Query, and Cache Fixes",2B-04,medium,541,2026-03-27,191a277ddf,191a277ddf2b7aa00d5de299886d0c3c7802f34b,fix: invalidate rolesPermissions cache + add Docker Hub auth to CI (#19044),permission cache invalidation,".github (9), packages/twenty-server (2)",11,"Fix query semantics, data integrity, cache invalidation, and backend performance.","Exercise filters, relations, views, permissions, caching, and CSV/export flows.",https://github.com/twentyhq/twenty/commit/191a277ddf2b7aa00d5de299886d0c3c7802f34b
79,2,Backend Correctness,2B,"Data, Query, and Cache Fixes",2B-04,medium,543,2026-03-27,cb44b22e15,cb44b22e1576253c3b855a63692c59511ecc1a5c,Fix INDEX view showing labelPlural instead of resolved view name in nav (#19049),core product bug fix,packages/twenty-front (4),4,"Fix query semantics, data integrity, cache invalidation, and backend performance.","Exercise filters, relations, views, permissions, caching, and CSV/export flows.",https://github.com/twentyhq/twenty/commit/cb44b22e1576253c3b855a63692c59511ecc1a5c
80,2,Backend Correctness,2B,"Data, Query, and Cache Fixes",2B-04,medium,562,2026-03-30,ef8789fad6,ef8789fad683be6bf82af49ef27893f298f7b5b9,fix: convert empty parentFolderId to null in messageFolder core dual-write (#19110),core product bug fix,packages/twenty-server (1),1,"Fix query semantics, data integrity, cache invalidation, and backend performance.","Exercise filters, relations, views, permissions, caching, and CSV/export flows.",https://github.com/twentyhq/twenty/commit/ef8789fad683be6bf82af49ef27893f298f7b5b9
81,2,Backend Correctness,2B,"Data, Query, and Cache Fixes",2B-04,medium,565,2026-03-30,1109b89cd7,1109b89cd7a70b5672ca2f96d0e56b4cd1effa89,fix: use Redis metadata version for GraphQL response cache key (#19111),core product bug fix,"packages/twenty-server (2), packages/twenty-e2e-testing (1)",3,"Fix query semantics, data integrity, cache invalidation, and backend performance.","Exercise filters, relations, views, permissions, caching, and CSV/export flows.",https://github.com/twentyhq/twenty/commit/1109b89cd7a70b5672ca2f96d0e56b4cd1effa89
82,2,Backend Correctness,2B,"Data, Query, and Cache Fixes",2B-04,medium,568,2026-03-30,d2cf05f4f4,d2cf05f4f4af74c84e07e4a0405b5bf83e2f964a,Fix - Not shared message on record index (#19103),core product bug fix,"packages/twenty-front (11), packages/twenty-ui (4)",15,"Fix query semantics, data integrity, cache invalidation, and backend performance.","Exercise filters, relations, views, permissions, caching, and CSV/export flows.",https://github.com/twentyhq/twenty/commit/d2cf05f4f4af74c84e07e4a0405b5bf83e2f964a
83,2,Backend Correctness,2B,"Data, Query, and Cache Fixes",2B-04,medium,590,2026-03-31,e0630b8653,e0630b865303fbbb51f8c89f6a47f13ba2cb0bf7,Fix TransactionNotStartedError (#19155),core product bug fix,packages/twenty-server (1),1,"Fix query semantics, data integrity, cache invalidation, and backend performance.","Exercise filters, relations, views, permissions, caching, and CSV/export flows.",https://github.com/twentyhq/twenty/commit/e0630b865303fbbb51f8c89f6a47f13ba2cb0bf7
84,2,Backend Correctness,2B,"Data, Query, and Cache Fixes",2B-04,medium,657,2026-04-02,b8e7179a85,b8e7179a855da125cebcbe6fcdbb435bf4733bae,Add missing index on viewField.viewFieldGroupId (#19253),missing DB index,packages/twenty-server (2),2,"Fix query semantics, data integrity, cache invalidation, and backend performance.","Exercise filters, relations, views, permissions, caching, and CSV/export flows.",https://github.com/twentyhq/twenty/commit/b8e7179a855da125cebcbe6fcdbb435bf4733bae
85,2,Backend Correctness,2B,"Data, Query, and Cache Fixes",2B-04,medium,684,2026-04-02,43baf7b91c,43baf7b91c724c5116ba2375594944e03cb52dbc,fix: prepend UTF-8 BOM to fix non-Latin characters in csv (#19246),core product bug fix,packages/twenty-front (2),2,"Fix query semantics, data integrity, cache invalidation, and backend performance.","Exercise filters, relations, views, permissions, caching, and CSV/export flows.",https://github.com/twentyhq/twenty/commit/43baf7b91c724c5116ba2375594944e03cb52dbc
86,2,Backend Correctness,2B,"Data, Query, and Cache Fixes",2B-04,medium,736,2026-04-07,3f87d27d5d,3f87d27d5d919afb749ff1cee0ffdac013ef6459,fix: use AND instead of OR in neq filter for null-equivalent values (#19071),core product bug fix,packages/twenty-server (1),1,"Fix query semantics, data integrity, cache invalidation, and backend performance.","Exercise filters, relations, views, permissions, caching, and CSV/export flows.",https://github.com/twentyhq/twenty/commit/3f87d27d5d919afb749ff1cee0ffdac013ef6459
87,2,Backend Correctness,2B,"Data, Query, and Cache Fixes",2B-04,medium,741,2026-04-07,601dc02ed7,601dc02ed71a7c6315c080e30d155fd2d3f56bf1,Fix s3 driver empty objects (#19361),core product bug fix,packages/twenty-server (1),1,"Fix query semantics, data integrity, cache invalidation, and backend performance.","Exercise filters, relations, views, permissions, caching, and CSV/export flows.",https://github.com/twentyhq/twenty/commit/601dc02ed71a7c6315c080e30d155fd2d3f56bf1
88,2,Backend Correctness,2B,"Data, Query, and Cache Fixes",2B-05,medium,746,2026-04-07,7c2a9abed4,7c2a9abed442da0fd72520b6a7727d8342f0a113,fix: prevent NaN in health indicator calculations (#19378),core product bug fix,packages/twenty-server (2),2,"Fix query semantics, data integrity, cache invalidation, and backend performance.","Exercise filters, relations, views, permissions, caching, and CSV/export flows.",https://github.com/twentyhq/twenty/commit/7c2a9abed442da0fd72520b6a7727d8342f0a113
89,3,Frontend Correctness,3A,Navigation and Record UI,3A-01,low,125,2026-03-06,59029a0035,59029a003515b51c5d30ea5ea4961e9985096ac6,[Fix] : Dragged element is considered to be part of a dropdown in dashboard tab list (#18414),core app change worth pulling,packages/twenty-front (2),2,"Stabilize navigation, board, dashboard, and record-page behavior.","Smoke nav/sidebar drag-drop, boards, dashboards, settings, and dropdown flows.",https://github.com/twentyhq/twenty/commit/59029a003515b51c5d30ea5ea4961e9985096ac6
90,3,Frontend Correctness,3A,Navigation and Record UI,3A-01,low,165,2026-03-10,8e003aa6cf,8e003aa6cff906c19efa4e7e4b0f7b1b38ab91fd,Fix permission settings page (#18535),core product bug fix,packages/twenty-front (2),2,"Stabilize navigation, board, dashboard, and record-page behavior.","Smoke nav/sidebar drag-drop, boards, dashboards, settings, and dropdown flows.",https://github.com/twentyhq/twenty/commit/8e003aa6cff906c19efa4e7e4b0f7b1b38ab91fd
91,3,Frontend Correctness,3A,Navigation and Record UI,3A-01,medium,182,2026-03-11,413d1124bb,413d1124bbba023abbbd38109c40d2ea98bbedb0,Fix navigation drag drop indicator position (#18515),core product bug fix,packages/twenty-front (6),6,"Stabilize navigation, board, dashboard, and record-page behavior.","Smoke nav/sidebar drag-drop, boards, dashboards, settings, and dropdown flows.",https://github.com/twentyhq/twenty/commit/413d1124bbba023abbbd38109c40d2ea98bbedb0
92,3,Frontend Correctness,3A,Navigation and Record UI,3A-01,low,195,2026-03-11,a024a04e01,a024a04e01ce8571492a2a26aa5aecfae05bee75,Fix breadcrumb infinite loop (#18561),core product bug fix,packages/twenty-front (2),2,"Stabilize navigation, board, dashboard, and record-page behavior.","Smoke nav/sidebar drag-drop, boards, dashboards, settings, and dropdown flows.",https://github.com/twentyhq/twenty/commit/a024a04e01ce8571492a2a26aa5aecfae05bee75
93,3,Frontend Correctness,3A,Navigation and Record UI,3A-01,medium,196,2026-03-11,2af3121c51,2af3121c516424f8c0538666ddfb7aa9204fb379,Fix dashboard creation + role permission page design (#18565),dashboard creation bug,packages/twenty-front (8),8,"Stabilize navigation, board, dashboard, and record-page behavior.","Smoke nav/sidebar drag-drop, boards, dashboards, settings, and dropdown flows.",https://github.com/twentyhq/twenty/commit/2af3121c516424f8c0538666ddfb7aa9204fb379
94,3,Frontend Correctness,3A,Navigation and Record UI,3A-01,low,197,2026-03-12,102b49f919,102b49f9196271fe18dc556e1ce6f3566d7949d8,Fix new navbar item position after reordering existing items (#18516),core product bug fix,packages/twenty-front (1),1,"Stabilize navigation, board, dashboard, and record-page behavior.","Smoke nav/sidebar drag-drop, boards, dashboards, settings, and dropdown flows.",https://github.com/twentyhq/twenty/commit/102b49f9196271fe18dc556e1ce6f3566d7949d8
95,3,Frontend Correctness,3A,Navigation and Record UI,3A-01,low,276,2026-03-16,32d7fa09a3,32d7fa09a33b048d1663aec5a16503ed28b96b60,Fix timeline activities + breadcrumb (#18626),core product bug fix,packages/twenty-front (4),4,"Stabilize navigation, board, dashboard, and record-page behavior.","Smoke nav/sidebar drag-drop, boards, dashboards, settings, and dropdown flows.",https://github.com/twentyhq/twenty/commit/32d7fa09a33b048d1663aec5a16503ed28b96b60
96,3,Frontend Correctness,3A,Navigation and Record UI,3A-01,medium,335,2026-03-19,a9f8a7e1fa,a9f8a7e1fa4f0d47df8d6af92c0ad69109ec9027,Fix: prevent record navigation when clicking Remove from favorite in nav sidebar (#18760),core product bug fix,packages/twenty-front (7),7,"Stabilize navigation, board, dashboard, and record-page behavior.","Smoke nav/sidebar drag-drop, boards, dashboards, settings, and dropdown flows.",https://github.com/twentyhq/twenty/commit/a9f8a7e1fa4f0d47df8d6af92c0ad69109ec9027
97,3,Frontend Correctness,3A,Navigation and Record UI,3A-01,medium,353,2026-03-20,7c8f060b08,7c8f060b08d198f2096ec9cafa109e7274d75fdf,Fix orphan navigation menu items for deleted views (#18791),core product bug fix,"packages/twenty-server (6), packages/twenty-front (3)",9,"Stabilize navigation, board, dashboard, and record-page behavior.","Smoke nav/sidebar drag-drop, boards, dashboards, settings, and dropdown flows.",https://github.com/twentyhq/twenty/commit/7c8f060b08d198f2096ec9cafa109e7274d75fdf
98,3,Frontend Correctness,3A,Navigation and Record UI,3A-01,low,354,2026-03-20,3d49c21b51,3d49c21b516b8f18b5c424a5be9cb74d06e0f31b,fix: decouple viewPicker favorite detection from sorted navigation menu items (#18803),core product bug fix,packages/twenty-front (1),1,"Stabilize navigation, board, dashboard, and record-page behavior.","Smoke nav/sidebar drag-drop, boards, dashboards, settings, and dropdown flows.",https://github.com/twentyhq/twenty/commit/3d49c21b516b8f18b5c424a5be9cb74d06e0f31b
99,3,Frontend Correctness,3A,Navigation and Record UI,3A-01,low,369,2026-03-21,03a2abb305,03a2abb305d7206879308c689be85b437336191f,fix: board view loads all records instead of showing skeleton placeholders (#18824),core product bug fix,packages/twenty-front (2),2,"Stabilize navigation, board, dashboard, and record-page behavior.","Smoke nav/sidebar drag-drop, boards, dashboards, settings, and dropdown flows.",https://github.com/twentyhq/twenty/commit/03a2abb305d7206879308c689be85b437336191f
100,3,Frontend Correctness,3A,Navigation and Record UI,3A-01,low,407,2026-03-23,e2c85b5af0,e2c85b5af00ca56622899b24b0f8f7f804bbd538,Fix workspace dropdown truncation and center auth titles (#18869),core product bug fix,packages/twenty-front (5),5,"Stabilize navigation, board, dashboard, and record-page behavior.","Smoke nav/sidebar drag-drop, boards, dashboards, settings, and dropdown flows.",https://github.com/twentyhq/twenty/commit/e2c85b5af00ca56622899b24b0f8f7f804bbd538
101,3,Frontend Correctness,3A,Navigation and Record UI,3A-02,low,416,2026-03-24,8eff9efab2,8eff9efab2d26ceaa9f3bd4aa61884a9bf922100,Fix rich text widget edition (#18899),core product bug fix,packages/twenty-front (1),1,"Stabilize navigation, board, dashboard, and record-page behavior.","Smoke nav/sidebar drag-drop, boards, dashboards, settings, and dropdown flows.",https://github.com/twentyhq/twenty/commit/8eff9efab2d26ceaa9f3bd4aa61884a9bf922100
102,3,Frontend Correctness,3A,Navigation and Record UI,3A-02,medium,424,2026-03-24,c1ec5567ce,c1ec5567ce7235a34cdbab8c704fdabc8bef4ed3,fix: insert-before folder for workspace DnD and add-to-nav drags (#18789),core product bug fix,packages/twenty-front (16),16,"Stabilize navigation, board, dashboard, and record-page behavior.","Smoke nav/sidebar drag-drop, boards, dashboards, settings, and dropdown flows.",https://github.com/twentyhq/twenty/commit/c1ec5567ce7235a34cdbab8c704fdabc8bef4ed3
103,3,Frontend Correctness,3A,Navigation and Record UI,3A-02,low,457,2026-03-25,2bfd2f6b85,2bfd2f6b85227b180ed7052d22373bbc94d93fb8,fix navigation menu item overflow issue (#18937),core product bug fix,packages/twenty-front (1),1,"Stabilize navigation, board, dashboard, and record-page behavior.","Smoke nav/sidebar drag-drop, boards, dashboards, settings, and dropdown flows.",https://github.com/twentyhq/twenty/commit/2bfd2f6b85227b180ed7052d22373bbc94d93fb8
104,3,Frontend Correctness,3A,Navigation and Record UI,3A-02,low,497,2026-03-26,b1e449d764,b1e449d7642f660f2911458f6928675d5a353dc8,fix dashboard widget edit mode content (#18965),core product bug fix,packages/twenty-front (2),2,"Stabilize navigation, board, dashboard, and record-page behavior.","Smoke nav/sidebar drag-drop, boards, dashboards, settings, and dropdown flows.",https://github.com/twentyhq/twenty/commit/b1e449d7642f660f2911458f6928675d5a353dc8
105,3,Frontend Correctness,3A,Navigation and Record UI,3A-02,low,499,2026-03-26,b651a74b1f,b651a74b1fa745bd3a3d6950c4a5b481fe03277c,"fix: hide ""Move to folder"" when no destination folder is available (#18992)",core product bug fix,packages/twenty-front (3),3,"Stabilize navigation, board, dashboard, and record-page behavior.","Smoke nav/sidebar drag-drop, boards, dashboards, settings, and dropdown flows.",https://github.com/twentyhq/twenty/commit/b651a74b1fa745bd3a3d6950c4a5b481fe03277c
106,3,Frontend Correctness,3A,Navigation and Record UI,3A-02,low,504,2026-03-26,2e015ee68d,2e015ee68dbeb2cc6cd8713b977ccbcf8333fd46,Add missing row lvl permission check on Kanban view (#19002),core product bug fix,"packages/twenty-front (2), packages/twenty-server (2)",4,"Stabilize navigation, board, dashboard, and record-page behavior.","Smoke nav/sidebar drag-drop, boards, dashboards, settings, and dropdown flows.",https://github.com/twentyhq/twenty/commit/2e015ee68dbeb2cc6cd8713b977ccbcf8333fd46
107,3,Frontend Correctness,3A,Navigation and Record UI,3A-02,medium,513,2026-03-26,8ef99671e2,8ef99671e215cf1151526b4f754df54424ca718f,Fix board drag and drop issues (#19005),core product bug fix,packages/twenty-front (13),13,"Stabilize navigation, board, dashboard, and record-page behavior.","Smoke nav/sidebar drag-drop, boards, dashboards, settings, and dropdown flows.",https://github.com/twentyhq/twenty/commit/8ef99671e215cf1151526b4f754df54424ca718f
108,3,Frontend Correctness,3A,Navigation and Record UI,3A-02,low,522,2026-03-26,31718d163c,31718d163cd9b9a99b291f3fe75c2e4757962edf,[Dashboards] fix rich text widget AGAIN (#19017),core product bug fix,packages/twenty-front (1),1,"Stabilize navigation, board, dashboard, and record-page behavior.","Smoke nav/sidebar drag-drop, boards, dashboards, settings, and dropdown flows.",https://github.com/twentyhq/twenty/commit/31718d163cd9b9a99b291f3fe75c2e4757962edf
109,3,Frontend Correctness,3A,Navigation and Record UI,3A-02,low,528,2026-03-27,68f5e70ade,68f5e70ade354e513a8eeeba3e1fb13f463d1cd0,fix: sign file URLs in timeline and file loss on click outside (#19001),core product bug fix,packages/twenty-front (1),1,"Stabilize navigation, board, dashboard, and record-page behavior.","Smoke nav/sidebar drag-drop, boards, dashboards, settings, and dropdown flows.",https://github.com/twentyhq/twenty/commit/68f5e70ade354e513a8eeeba3e1fb13f463d1cd0
110,3,Frontend Correctness,3A,Navigation and Record UI,3A-02,low,561,2026-03-30,ee479001a1,ee479001a1c451fff750be7320b0f2bc70647a27,Fix workspace dropdown (#19106),core product bug fix,packages/twenty-front (1),1,"Stabilize navigation, board, dashboard, and record-page behavior.","Smoke nav/sidebar drag-drop, boards, dashboards, settings, and dropdown flows.",https://github.com/twentyhq/twenty/commit/ee479001a1c451fff750be7320b0f2bc70647a27
111,3,Frontend Correctness,3A,Navigation and Record UI,3A-02,low,566,2026-03-30,b8374f5531,b8374f5531cec0a3cd7d531e6f989b6d64937693,Fix export view (#19117),core product bug fix,packages/twenty-front (1),1,"Stabilize navigation, board, dashboard, and record-page behavior.","Smoke nav/sidebar drag-drop, boards, dashboards, settings, and dropdown flows.",https://github.com/twentyhq/twenty/commit/b8374f5531cec0a3cd7d531e6f989b6d64937693
112,3,Frontend Correctness,3A,Navigation and Record UI,3A-02,low,567,2026-03-30,696a202bb9,696a202bb9d648ef832d99d1764a5a5594e13366,Fix navigation menu edition (#19115),core product bug fix,packages/twenty-front (5),5,"Stabilize navigation, board, dashboard, and record-page behavior.","Smoke nav/sidebar drag-drop, boards, dashboards, settings, and dropdown flows.",https://github.com/twentyhq/twenty/commit/696a202bb9d648ef832d99d1764a5a5594e13366
113,3,Frontend Correctness,3A,Navigation and Record UI,3A-03,low,591,2026-03-31,bcca5d0002,bcca5d00025930ab85331b3c03f07c505a40c344,fix: show disabled file chip when file no longer exists in timeline (#19045),core product bug fix,"packages/twenty-front (3), packages/twenty-ui (2)",5,"Stabilize navigation, board, dashboard, and record-page behavior.","Smoke nav/sidebar drag-drop, boards, dashboards, settings, and dropdown flows.",https://github.com/twentyhq/twenty/commit/bcca5d00025930ab85331b3c03f07c505a40c344
114,3,Frontend Correctness,3A,Navigation and Record UI,3A-03,low,594,2026-03-31,176e81cd76,176e81cd76e59f7c44be87f39b48a5365bf78441,fix: clear navigation stack immediately in goBackFromSidePanel (#19153),core product bug fix,packages/twenty-front (3),3,"Stabilize navigation, board, dashboard, and record-page behavior.","Smoke nav/sidebar drag-drop, boards, dashboards, settings, and dropdown flows.",https://github.com/twentyhq/twenty/commit/176e81cd76e59f7c44be87f39b48a5365bf78441
115,3,Frontend Correctness,3A,Navigation and Record UI,3A-03,low,694,2026-04-03,da72075841,da7207584199b6ba6c055d0c12e5ba23f700257c,Fix search fallback command menu item (#19304),core product bug fix,packages/twenty-front (1),1,"Stabilize navigation, board, dashboard, and record-page behavior.","Smoke nav/sidebar drag-drop, boards, dashboards, settings, and dropdown flows.",https://github.com/twentyhq/twenty/commit/da7207584199b6ba6c055d0c12e5ba23f700257c
116,3,Frontend Correctness,3B,"Forms, Inputs, and Editors",3B-01,low,8,2026-03-02,1b67ba6a75,1b67ba6a75f39427ccffae6211ebfc5f992242c3,Draft emails fix onblur on text input and callout banner component overflow (#18310),core product bug fix,"packages/twenty-front (3), packages/twenty-ui (1)",4,"Fix form, picker, upload, and editor bugs that affect basic usage.","Smoke onboarding, form fields, date pickers, uploads, and text inputs.",https://github.com/twentyhq/twenty/commit/1b67ba6a75f39427ccffae6211ebfc5f992242c3
117,3,Frontend Correctness,3B,"Forms, Inputs, and Editors",3B-01,medium,86,2026-03-05,7293d4c1f8,7293d4c1f8f2fdc3207b34c1893d5f6bc91e0eb9,Fix missing test input values (#18424),core product bug fix,packages/twenty-front (7),7,"Fix form, picker, upload, and editor bugs that affect basic usage.","Smoke onboarding, form fields, date pickers, uploads, and text inputs.",https://github.com/twentyhq/twenty/commit/7293d4c1f8f2fdc3207b34c1893d5f6bc91e0eb9
118,3,Frontend Correctness,3B,"Forms, Inputs, and Editors",3B-01,low,124,2026-03-06,cac4999e9f,cac4999e9fc782e3c994b98fad969d2dd1419f2a,fix: handle Escape in date/datetime pickers and remove ValidationStep any (#18107),core product bug fix,packages/twenty-front (4),4,"Fix form, picker, upload, and editor bugs that affect basic usage.","Smoke onboarding, form fields, date pickers, uploads, and text inputs.",https://github.com/twentyhq/twenty/commit/cac4999e9fc782e3c994b98fad969d2dd1419f2a
119,3,Frontend Correctness,3B,"Forms, Inputs, and Editors",3B-01,low,155,2026-03-10,c73a660e46,c73a660e46c0fa5f6fc64dfe8f163830981bf3b2,Fix task rows (#18522),core product bug fix,packages/twenty-front (4),4,"Fix form, picker, upload, and editor bugs that affect basic usage.","Smoke onboarding, form fields, date pickers, uploads, and text inputs.",https://github.com/twentyhq/twenty/commit/c73a660e46c0fa5f6fc64dfe8f163830981bf3b2
120,3,Frontend Correctness,3B,"Forms, Inputs, and Editors",3B-01,low,169,2026-03-10,7b9939b43e,7b9939b43e02308ec7c984bf434808a3843b1bcc,fix: validate input before formatting in MultiItemFieldInput (#18334),core product bug fix,packages/twenty-front (5),5,"Fix form, picker, upload, and editor bugs that affect basic usage.","Smoke onboarding, form fields, date pickers, uploads, and text inputs.",https://github.com/twentyhq/twenty/commit/7b9939b43e02308ec7c984bf434808a3843b1bcc
121,3,Frontend Correctness,3B,"Forms, Inputs, and Editors",3B-01,low,174,2026-03-10,25d9f2fcce,25d9f2fcceeba310e1053a1d8c29f879d9cf4fdd,fix: respect number format in currency input (#18469),core product bug fix,packages/twenty-front (4),4,"Fix form, picker, upload, and editor bugs that affect basic usage.","Smoke onboarding, form fields, date pickers, uploads, and text inputs.",https://github.com/twentyhq/twenty/commit/25d9f2fcceeba310e1053a1d8c29f879d9cf4fdd
122,3,Frontend Correctness,3B,"Forms, Inputs, and Editors",3B-01,medium,178,2026-03-11,1d95670252,1d956702526ab74c34a61afc3cc36535eb085cc8,Fix form field select + form field number (#18538),core product bug fix,"packages/twenty-front (5), packages/twenty-ui (1)",6,"Fix form, picker, upload, and editor bugs that affect basic usage.","Smoke onboarding, form fields, date pickers, uploads, and text inputs.",https://github.com/twentyhq/twenty/commit/1d956702526ab74c34a61afc3cc36535eb085cc8
123,3,Frontend Correctness,3B,"Forms, Inputs, and Editors",3B-01,low,209,2026-03-12,660536d6bb,660536d6bb66276cd09bb9315faa65e1d3a25f92,Fix onboarding flow: workspace creation modal and invite team skip (#18577),core product bug fix,packages/twenty-front (2),2,"Fix form, picker, upload, and editor bugs that affect basic usage.","Smoke onboarding, form fields, date pickers, uploads, and text inputs.",https://github.com/twentyhq/twenty/commit/660536d6bb66276cd09bb9315faa65e1d3a25f92
124,3,Frontend Correctness,3B,"Forms, Inputs, and Editors",3B-01,low,312,2026-03-18,928194cee4,928194cee48fca1b8713ce35af9c3ab1536d81db,fix Draft Email stuck Callout (#18719),core product bug fix,packages/twenty-front (1),1,"Fix form, picker, upload, and editor bugs that affect basic usage.","Smoke onboarding, form fields, date pickers, uploads, and text inputs.",https://github.com/twentyhq/twenty/commit/928194cee48fca1b8713ce35af9c3ab1536d81db
125,3,Frontend Correctness,3B,"Forms, Inputs, and Editors",3B-01,low,349,2026-03-20,91793ef930,91793ef930d8eb7c9198b9c5392bd2b0c128bea1,fix: update workspace members state on profile onboarding completion (#18799),core product bug fix,packages/twenty-front (1),1,"Fix form, picker, upload, and editor bugs that affect basic usage.","Smoke onboarding, form fields, date pickers, uploads, and text inputs.",https://github.com/twentyhq/twenty/commit/91793ef930d8eb7c9198b9c5392bd2b0c128bea1
126,3,Frontend Correctness,3B,"Forms, Inputs, and Editors",3B-02,low,383,2026-03-22,d16b94bde6,d16b94bde64132b6d06815288d8cb1512944ce9e,fix: reset form defaultValues after save to fix dirty detection (#18835),core product bug fix,packages/twenty-front (2),2,"Fix form, picker, upload, and editor bugs that affect basic usage.","Smoke onboarding, form fields, date pickers, uploads, and text inputs.",https://github.com/twentyhq/twenty/commit/d16b94bde64132b6d06815288d8cb1512944ce9e
127,3,Frontend Correctness,3B,"Forms, Inputs, and Editors",3B-02,medium,502,2026-03-26,36c7c99e34,36c7c99e34e170d78685f3d66095d016927783c9,fix: hide objects with no addable views in sidebar view picker (#18993),core product bug fix,packages/twenty-front (6),6,"Fix form, picker, upload, and editor bugs that affect basic usage.","Smoke onboarding, form fields, date pickers, uploads, and text inputs.",https://github.com/twentyhq/twenty/commit/36c7c99e34e170d78685f3d66095d016927783c9
128,3,Frontend Correctness,3B,"Forms, Inputs, and Editors",3B-02,low,718,2026-04-06,3747af4b5a,3747af4b5ac6cb550ce930c97d64fcd59357b302,Fix readonly date still editable (#19334),core product bug fix,packages/twenty-front (3),3,"Fix form, picker, upload, and editor bugs that affect basic usage.","Smoke onboarding, form fields, date pickers, uploads, and text inputs.",https://github.com/twentyhq/twenty/commit/3747af4b5ac6cb550ce930c97d64fcd59357b302
129,3,Frontend Correctness,3B,"Forms, Inputs, and Editors",3B-02,low,756,2026-04-07,dd2a09576b,dd2a09576b6b759deeb4f96a7640557822f56289,Imap-smtp-caldav form fixes (#19392),core product bug fix,packages/twenty-front (3),3,"Fix form, picker, upload, and editor bugs that affect basic usage.","Smoke onboarding, form fields, date pickers, uploads, and text inputs.",https://github.com/twentyhq/twenty/commit/dd2a09576b6b759deeb4f96a7640557822f56289
130,3,Frontend Correctness,3B,"Forms, Inputs, and Editors",3B-02,low,772,2026-04-07,61abfd103d,61abfd103d5067c259ba478392c37d7e53586e89,fix TextVariableEditor layout and add support for multi line paste  (#18721),core product bug fix,packages/twenty-front (3),3,"Fix form, picker, upload, and editor bugs that affect basic usage.","Smoke onboarding, form fields, date pickers, uploads, and text inputs.",https://github.com/twentyhq/twenty/commit/61abfd103d5067c259ba478392c37d7e53586e89
131,3,Frontend Correctness,3C,AI and Chat Surface Fixes,3C-01,low,176,2026-03-10,0fe7e9d5fe,0fe7e9d5fe9e76a2b39707f07ab0ebef0b402cf1,small ai chat fix (#18547),core product bug fix,packages/twenty-front (1),1,Pull small AI/chat bug fixes without importing larger AI product changes.,"Smoke AI chat compose, message preview, and thread rendering.",https://github.com/twentyhq/twenty/commit/0fe7e9d5fe9e76a2b39707f07ab0ebef0b402cf1
132,3,Frontend Correctness,3C,AI and Chat Surface Fixes,3C-01,low,339,2026-03-20,26139ee463,26139ee463b4dee432958e9aa37e5b2235d0feb4,fix: stop event propagation when removing file in AI chat preview (#18779),core product bug fix,packages/twenty-front (1),1,Pull small AI/chat bug fixes without importing larger AI product changes.,"Smoke AI chat compose, message preview, and thread rendering.",https://github.com/twentyhq/twenty/commit/26139ee463b4dee432958e9aa37e5b2235d0feb4
133,3,Frontend Correctness,3D,Misc Product Bugs,3D-01,high,120,2026-03-06,1f1da901ea,1f1da901ea394d5e52b99bc161eeb1d8e94a7fae,Bug fixes batch (#18457),core product bug fix,"packages/twenty-server (2), packages/twenty-front (1), packages/twenty-ui (1)",4,Catch remaining user-facing bugs that are neither workflow nor security issues.,Run focused smoke tests around the touched UI before moving on.,https://github.com/twentyhq/twenty/commit/1f1da901ea394d5e52b99bc161eeb1d8e94a7fae
134,3,Frontend Correctness,3D,Misc Product Bugs,3D-01,high,221,2026-03-12,6a3281a18d,6a3281a18ddc1dca45e262d0c7225c74f970e13f,Bug fix batches (#18588),core product bug fix,"packages/twenty-front (3), packages/twenty-ui (2), packages/twenty-server (1)",6,Catch remaining user-facing bugs that are neither workflow nor security issues.,Run focused smoke tests around the touched UI before moving on.,https://github.com/twentyhq/twenty/commit/6a3281a18ddc1dca45e262d0c7225c74f970e13f
135,3,Frontend Correctness,3D,Misc Product Bugs,3D-01,low,264,2026-03-16,67866ff59c,67866ff59c0527eb639b70e5761731634dc97f68,fix: expr-eval related dependabot alerts (#18661),core product bug fix,"packages/twenty-shared (4), yarn.lock (1)",5,Catch remaining user-facing bugs that are neither workflow nor security issues.,Run focused smoke tests around the touched UI before moving on.,https://github.com/twentyhq/twenty/commit/67866ff59c0527eb639b70e5761731634dc97f68
136,3,Frontend Correctness,3D,Misc Product Bugs,3D-01,high,282,2026-03-16,c4e55d08ff,c4e55d08ff0ee0aa30a4697f9e7518e4b0c67ab4,fix: allow identical singular and plural labels for objects (#18678),core product bug fix,"packages/twenty-front (10), packages/twenty-server (9), packages/twenty-shared (4)",23,Catch remaining user-facing bugs that are neither workflow nor security issues.,Run focused smoke tests around the touched UI before moving on.,https://github.com/twentyhq/twenty/commit/c4e55d08ff0ee0aa30a4697f9e7518e4b0c67ab4
137,3,Frontend Correctness,3D,Misc Product Bugs,3D-01,low,340,2026-03-20,cd594ce8bd,cd594ce8bd18bfc6e7b5775e8ba861008d366602,Fix: Hide object from Opened section when it already has a workspace nav item (#18766),core product bug fix,packages/twenty-front (2),2,Catch remaining user-facing bugs that are neither workflow nor security issues.,Run focused smoke tests around the touched UI before moving on.,https://github.com/twentyhq/twenty/commit/cd594ce8bd18bfc6e7b5775e8ba861008d366602
138,3,Frontend Correctness,3D,Misc Product Bugs,3D-01,high,360,2026-03-21,42269cc45b,42269cc45bcf8d2131dbb17d3cc6428f1e341733,fix(links): preserve percent-encoded URLs during normalization (#18792),core product bug fix,"packages/twenty-shared (12), packages/twenty-front (7), packages/twenty-server (4)",23,Catch remaining user-facing bugs that are neither workflow nor security issues.,Run focused smoke tests around the touched UI before moving on.,https://github.com/twentyhq/twenty/commit/42269cc45bcf8d2131dbb17d3cc6428f1e341733
139,3,Frontend Correctness,3D,Misc Product Bugs,3D-01,low,362,2026-03-20,2a1d22d870,2a1d22d8706d4b99c3c988fda5f0b13d14a3e644,Fix page scrolling when layout customization bar is visible (#18802),core product bug fix,packages/twenty-front (1),1,Catch remaining user-facing bugs that are neither workflow nor security issues.,Run focused smoke tests around the touched UI before moving on.,https://github.com/twentyhq/twenty/commit/2a1d22d8706d4b99c3c988fda5f0b13d14a3e644
140,3,Frontend Correctness,3D,Misc Product Bugs,3D-01,low,374,2026-03-22,96c5728ed0,96c5728ed09427df38ab12459ca38944b53a271f,fix: prevent localStorage bloat from derived fields on mock metadata (#18809),core product bug fix,packages/twenty-front (3),3,Catch remaining user-facing bugs that are neither workflow nor security issues.,Run focused smoke tests around the touched UI before moving on.,https://github.com/twentyhq/twenty/commit/96c5728ed09427df38ab12459ca38944b53a271f
141,3,Frontend Correctness,3D,Misc Product Bugs,3D-01,low,386,2026-03-23,dc00701448,dc00701448791bc0dc60674783d0483f7c44b1d7,Fix: TypeError: Cannot convert undefined or null to object (#18333),core product bug fix,packages/twenty-front (2),2,Catch remaining user-facing bugs that are neither workflow nor security issues.,Run focused smoke tests around the touched UI before moving on.,https://github.com/twentyhq/twenty/commit/dc00701448791bc0dc60674783d0483f7c44b1d7
142,3,Frontend Correctness,3D,Misc Product Bugs,3D-01,medium,421,2026-03-24,7b6fb52df7,7b6fb52df779c792bd0f2d0f41b05eda5b58f4bc,fix: validate blocknote JSON in rich text fields (#18902),core product bug fix,"packages/twenty-front (7), packages/twenty-server (7)",14,Catch remaining user-facing bugs that are neither workflow nor security issues.,Run focused smoke tests around the touched UI before moving on.,https://github.com/twentyhq/twenty/commit/7b6fb52df779c792bd0f2d0f41b05eda5b58f4bc
143,3,Frontend Correctness,3D,Misc Product Bugs,3D-02,high,427,2026-03-24,611947e031,611947e031c0a2e8a88e1fd99f13c3c4fc050053,"fix: metadata store lifecycle during sign-in, sign-out, and locale change (#18901)",core product bug fix,packages/twenty-front (36),36,Catch remaining user-facing bugs that are neither workflow nor security issues.,Run focused smoke tests around the touched UI before moving on.,https://github.com/twentyhq/twenty/commit/611947e031c0a2e8a88e1fd99f13c3c4fc050053
144,3,Frontend Correctness,3D,Misc Product Bugs,3D-02,medium,432,2026-03-24,cec23e89fa,cec23e89facbc26e1a502162a6b86482262b6b8a,Fix batch update optimistic and prevent accidental mass-update (#17213),core product bug fix,packages/twenty-front (13),13,Catch remaining user-facing bugs that are neither workflow nor security issues.,Run focused smoke tests around the touched UI before moving on.,https://github.com/twentyhq/twenty/commit/cec23e89facbc26e1a502162a6b86482262b6b8a
145,3,Frontend Correctness,3D,Misc Product Bugs,3D-02,low,462,2026-03-25,e1374e34a7,e1374e34a7707786ff360b9b31affc3ef2a99fdc,Fix object permission override (#18948),core product bug fix,"packages/twenty-front (1), packages/twenty-server (1)",2,Catch remaining user-facing bugs that are neither workflow nor security issues.,Run focused smoke tests around the touched UI before moving on.,https://github.com/twentyhq/twenty/commit/e1374e34a7707786ff360b9b31affc3ef2a99fdc
146,3,Frontend Correctness,3D,Misc Product Bugs,3D-02,low,472,2026-03-25,a8dad6c882,a8dad6c8820f67c4725ce56adf16687dcf96cc2d,Fix: default to allow-read when object permissions are not yet loaded (#18971),core product bug fix,packages/twenty-front (1),1,Catch remaining user-facing bugs that are neither workflow nor security issues.,Run focused smoke tests around the touched UI before moving on.,https://github.com/twentyhq/twenty/commit/a8dad6c8820f67c4725ce56adf16687dcf96cc2d
147,3,Frontend Correctness,3D,Misc Product Bugs,3D-02,low,477,2026-03-25,511d1bd7ab,511d1bd7ab2f2fc97aee4318231c60734076e59a,Fix SSE event stream errors when impersonating users with limited permissions (#18966),core product bug fix,packages/twenty-front (2),2,Catch remaining user-facing bugs that are neither workflow nor security issues.,Run focused smoke tests around the touched UI before moving on.,https://github.com/twentyhq/twenty/commit/511d1bd7ab2f2fc97aee4318231c60734076e59a
148,3,Frontend Correctness,3D,Misc Product Bugs,3D-02,low,479,2026-03-25,72dd3af155,72dd3af1559a00d2f4bc8005378368a64de5a4a4,fix SVG icon sizing broken in Chrome 142 (#18974),core product bug fix,packages/twenty-front (3),3,Catch remaining user-facing bugs that are neither workflow nor security issues.,Run focused smoke tests around the touched UI before moving on.,https://github.com/twentyhq/twenty/commit/72dd3af1559a00d2f4bc8005378368a64de5a4a4
149,3,Frontend Correctness,3D,Misc Product Bugs,3D-02,low,490,2026-03-26,1e2b31b040,1e2b31b040d74c449fdf679a0ba3f8ec00e2b5ee,fix: prevent saving API key with empty name (#18970),core product bug fix,packages/twenty-front (3),3,Catch remaining user-facing bugs that are neither workflow nor security issues.,Run focused smoke tests around the touched UI before moving on.,https://github.com/twentyhq/twenty/commit/1e2b31b040d74c449fdf679a0ba3f8ec00e2b5ee
150,3,Frontend Correctness,3D,Misc Product Bugs,3D-02,medium,517,2026-03-26,34832815e6,34832815e656df0e33dca75a3bf9ff7d4bcbfabb,fix: update settings page for mobile viewport (#18991),core product bug fix,"packages/twenty-front (12), packages/twenty-ui (1)",13,Catch remaining user-facing bugs that are neither workflow nor security issues.,Run focused smoke tests around the touched UI before moving on.,https://github.com/twentyhq/twenty/commit/34832815e656df0e33dca75a3bf9ff7d4bcbfabb
151,3,Frontend Correctness,3D,Misc Product Bugs,3D-02,high,526,2026-03-27,6f0ac88e20,6f0ac88e20056dfe0d1f1d36950a5f43c9b84ef6,fix: batch viewGroup mutations sequentially to prevent race conditions (#19027),core product bug fix,"packages/twenty-server (5), packages/twenty-front (4), packages/twenty-client-sdk (3)",12,Catch remaining user-facing bugs that are neither workflow nor security issues.,Run focused smoke tests around the touched UI before moving on.,https://github.com/twentyhq/twenty/commit/6f0ac88e20056dfe0d1f1d36950a5f43c9b84ef6
152,3,Frontend Correctness,3D,Misc Product Bugs,3D-02,low,585,2026-03-30,383935d0d9,383935d0d9302d3afd18d3cccf0c152d303a8bc3,Fix widgets drag handles (#19133),core product bug fix,packages/twenty-front (2),2,Catch remaining user-facing bugs that are neither workflow nor security issues.,Run focused smoke tests around the touched UI before moving on.,https://github.com/twentyhq/twenty/commit/383935d0d9302d3afd18d3cccf0c152d303a8bc3
153,3,Frontend Correctness,3D,Misc Product Bugs,3D-03,medium,598,2026-03-31,ec283b8f2d,ec283b8f2d59e198228112eb19236606c2e5cbe1,Fix dropping workspace nav items at the bottom of the list (#18989),core product bug fix,packages/twenty-front (10),10,Catch remaining user-facing bugs that are neither workflow nor security issues.,Run focused smoke tests around the touched UI before moving on.,https://github.com/twentyhq/twenty/commit/ec283b8f2d59e198228112eb19236606c2e5cbe1
154,3,Frontend Correctness,3D,Misc Product Bugs,3D-03,low,644,2026-04-02,16033e9f99,16033e9f9994033ead0ace2a4ec11690257f7f86, Fix front component worker re-creation on every render (#19245),core product bug fix,packages/twenty-front-component-renderer (5),5,Catch remaining user-facing bugs that are neither workflow nor security issues.,Run focused smoke tests around the touched UI before moving on.,https://github.com/twentyhq/twenty/commit/16033e9f9994033ead0ace2a4ec11690257f7f86
155,3,Frontend Correctness,3D,Misc Product Bugs,3D-03,low,737,2026-04-07,955aa9191f,955aa9191f5c5c9f8dd53c05efa496bc4e40823a,fix: unify settings layout prep when entering settings from outside (#19373),core product bug fix,packages/twenty-front (4),4,Catch remaining user-facing bugs that are neither workflow nor security issues.,Run focused smoke tests around the touched UI before moving on.,https://github.com/twentyhq/twenty/commit/955aa9191f5c5c9f8dd53c05efa496bc4e40823a
156,4,Workflow Stability,4A,Workflow Reliability,4A-01,medium,31,2026-03-03,b2b3a3f860,b2b3a3f8606ec0ce5c69433b78b0fd5f18e8072d,Workflow iterator continues on faillure (#18325),workflow reliability fix,"packages/twenty-server (22), packages/twenty-front (5), packages/twenty-shared (2)",29,Fix workflow builder and runtime bugs after the core app is stable.,"Create, edit, and run workflows; confirm dates, titles, and run pages behave.",https://github.com/twentyhq/twenty/commit/b2b3a3f8606ec0ce5c69433b78b0fd5f18e8072d
157,4,Workflow Stability,4A,Workflow Reliability,4A-01,medium,33,2026-03-03,5c4a1f931a,5c4a1f931abe40c2aaedb290b1c5ea809c88e428,Fix trigger missing (#18348),workflow reliability fix,packages/twenty-front (2),2,Fix workflow builder and runtime bugs after the core app is stable.,"Create, edit, and run workflows; confirm dates, titles, and run pages behave.",https://github.com/twentyhq/twenty/commit/5c4a1f931abe40c2aaedb290b1c5ea809c88e428
158,4,Workflow Stability,4A,Workflow Reliability,4A-01,medium,64,2026-03-04,911a46aa45,911a46aa45505478bf6e2fbc61f8494ec8e1dbd7,Improve workflow perfs (#18376),workflow reliability fix,packages/twenty-server (11),11,Fix workflow builder and runtime bugs after the core app is stable.,"Create, edit, and run workflows; confirm dates, titles, and run pages behave.",https://github.com/twentyhq/twenty/commit/911a46aa45505478bf6e2fbc61f8494ec8e1dbd7
159,4,Workflow Stability,4A,Workflow Reliability,4A-01,medium,78,2026-03-05,a2f80d882b,a2f80d882bd9f7f56c035fdba2d127fc381f2b72,Stop catching all workflow errors (#18392),workflow reliability fix,packages/twenty-server (12),12,Fix workflow builder and runtime bugs after the core app is stable.,"Create, edit, and run workflows; confirm dates, titles, and run pages behave.",https://github.com/twentyhq/twenty/commit/a2f80d882bd9f7f56c035fdba2d127fc381f2b72
160,4,Workflow Stability,4A,Workflow Reliability,4A-01,medium,105,2026-03-05,e27a8b5107,e27a8b51079029cbd3fcd854307337ff8854a251,Fix Workflow layout show page (#18447),workflow reliability fix,packages/twenty-front (1),1,Fix workflow builder and runtime bugs after the core app is stable.,"Create, edit, and run workflows; confirm dates, titles, and run pages behave.",https://github.com/twentyhq/twenty/commit/e27a8b51079029cbd3fcd854307337ff8854a251
161,4,Workflow Stability,4A,Workflow Reliability,4A-01,medium,106,2026-03-05,b421efbff7,b421efbff73cba598033c07a7ddaa5eaeb194ebd,fix: remove add record on workflow runs/versions (#18448),workflow reliability fix,packages/twenty-front (5),5,Fix workflow builder and runtime bugs after the core app is stable.,"Create, edit, and run workflows; confirm dates, titles, and run pages behave.",https://github.com/twentyhq/twenty/commit/b421efbff73cba598033c07a7ddaa5eaeb194ebd
162,4,Workflow Stability,4A,Workflow Reliability,4A-01,medium,227,2026-03-12,3f420c84d7,3f420c84d7474d363ffd6b1def7cd2e87f5ab6fb,Fix Flow tab missing for workflow run (#18602),workflow reliability fix,packages/twenty-front (1),1,Fix workflow builder and runtime bugs after the core app is stable.,"Create, edit, and run workflows; confirm dates, titles, and run pages behave.",https://github.com/twentyhq/twenty/commit/3f420c84d7474d363ffd6b1def7cd2e87f5ab6fb
163,4,Workflow Stability,4A,Workflow Reliability,4A-01,medium,336,2026-03-19,b86e6189c0,b86e6189c08afa13c82c4dcdfd2a71e226377bf5,Remove postition from Timeline Activities + fix workflow title placeholder (#18777),workflow reliability fix,"packages/twenty-server (2), packages/twenty-front (1)",3,Fix workflow builder and runtime bugs after the core app is stable.,"Create, edit, and run workflows; confirm dates, titles, and run pages behave.",https://github.com/twentyhq/twenty/commit/b86e6189c08afa13c82c4dcdfd2a71e226377bf5
164,4,Workflow Stability,4A,Workflow Reliability,4A-02,medium,478,2026-03-25,6c1db2e7fb,6c1db2e7fb31f0013b290be8a8e9b4bd4b61fafd,Do not run loop when iterator is skipped (#18964),core app change worth pulling,packages/twenty-server (2),2,Fix workflow builder and runtime bugs after the core app is stable.,"Create, edit, and run workflows; confirm dates, titles, and run pages behave.",https://github.com/twentyhq/twenty/commit/6c1db2e7fb31f0013b290be8a8e9b4bd4b61fafd
165,4,Workflow Stability,4A,Workflow Reliability,4A-02,medium,519,2026-03-26,34ab72c460,34ab72c4606b2390009d8e5b583536ad58552467,Fix: Cannot create two workflow agent nodes because these have the same name (#19015),workflow reliability fix,packages/twenty-server (1),1,Fix workflow builder and runtime bugs after the core app is stable.,"Create, edit, and run workflows; confirm dates, titles, and run pages behave.",https://github.com/twentyhq/twenty/commit/34ab72c4606b2390009d8e5b583536ad58552467
166,4,Workflow Stability,4A,Workflow Reliability,4A-02,medium,617,2026-04-01,19dd4d6c1b,19dd4d6c1b08ed3463f9edb6eeaa4a54cb55cbf5,Fix workflow date fields (#19210),workflow reliability fix,packages/twenty-front (6),6,Fix workflow builder and runtime bugs after the core app is stable.,"Create, edit, and run workflows; confirm dates, titles, and run pages behave.",https://github.com/twentyhq/twenty/commit/19dd4d6c1b08ed3463f9edb6eeaa4a54cb55cbf5
167,4,Workflow Stability,4A,Workflow Reliability,4A-02,medium,666,2026-04-02,047dd350f6,047dd350f6da877ee502f99397bbe4c0d104f506,fix workflow node (#19262),workflow reliability fix,packages/twenty-front (1),1,Fix workflow builder and runtime bugs after the core app is stable.,"Create, edit, and run workflows; confirm dates, titles, and run pages behave.",https://github.com/twentyhq/twenty/commit/047dd350f6da877ee502f99397bbe4c0d104f506
168,4,Workflow Stability,4A,Workflow Reliability,4A-02,medium,763,2026-04-07,e048d03872,e048d03872cbd2ecc1d5f3f93478f36fca3bdca4,Improve workflow crons efficiency (#19381),workflow reliability fix,packages/twenty-server (4),4,Fix workflow builder and runtime bugs after the core app is stable.,"Create, edit, and run workflows; confirm dates, titles, and run pages behave.",https://github.com/twentyhq/twenty/commit/e048d03872cbd2ecc1d5f3f93478f36fca3bdca4
169,5,Optional Changes,5A,Optional Product Behavior,5A-01,medium,180,2026-03-11,e4e7137660,e4e7137660df3d973e062acde4e401205e3e6e6a,Navigate to page when clicking nav item in edit mode (#18526),small UX fix,packages/twenty-front (1),1,Pull lower-urgency behavior improvements only after the high-value fixes land cleanly.,"Smoke the specific UX after each chunk; these are nice-to-have, not urgent.",https://github.com/twentyhq/twenty/commit/e4e7137660df3d973e062acde4e401205e3e6e6a
170,5,Optional Changes,5A,Optional Product Behavior,5A-01,medium,215,2026-03-12,c59f420d21,c59f420d21a88b75406907861388dee45ac5856f,Hide tabs for system objects (#18583),core app change worth pulling,"packages/twenty-server (4), packages/twenty-front (2)",6,Pull lower-urgency behavior improvements only after the high-value fixes land cleanly.,"Smoke the specific UX after each chunk; these are nice-to-have, not urgent.",https://github.com/twentyhq/twenty/commit/c59f420d21a88b75406907861388dee45ac5856f
171,5,Optional Changes,5A,Optional Product Behavior,5A-01,medium,229,2026-03-12,a3c392ce8b,a3c392ce8bb2b7d47ccbf1df3ef8ad437eb75bbf,Reset selected widget when exiting record page layout edit mode (#18603),core app change worth pulling,packages/twenty-front (1),1,Pull lower-urgency behavior improvements only after the high-value fixes land cleanly.,"Smoke the specific UX after each chunk; these are nice-to-have, not urgent.",https://github.com/twentyhq/twenty/commit/a3c392ce8bb2b7d47ccbf1df3ef8ad437eb75bbf
172,5,Optional Changes,5A,Optional Product Behavior,5A-01,medium,232,2026-03-13,262f9f5fe1,262f9f5fe11c3f15171e4299a0df9b18afc2ec02,Re-fetch conditional display property in the frontend (#18601),core app change worth pulling,packages/twenty-front (2),2,Pull lower-urgency behavior improvements only after the high-value fixes land cleanly.,"Smoke the specific UX after each chunk; these are nice-to-have, not urgent.",https://github.com/twentyhq/twenty/commit/262f9f5fe11c3f15171e4299a0df9b18afc2ec02
173,5,Optional Changes,5A,Optional Product Behavior,5A-01,medium,234,2026-03-13,dfd28f5b4a,dfd28f5b4a15187beafc1af57c8b68fae927618b,Separate create draft cases op (#18613),core app change worth pulling,"packages/twenty-front (1), packages/twenty-server (1)",2,Pull lower-urgency behavior improvements only after the high-value fixes land cleanly.,"Smoke the specific UX after each chunk; these are nice-to-have, not urgent.",https://github.com/twentyhq/twenty/commit/dfd28f5b4a15187beafc1af57c8b68fae927618b
174,5,Optional Changes,5A,Optional Product Behavior,5A-01,medium,347,2026-03-20,698c15b8cd,698c15b8cdf331185caf959b1cc2da616c21b9fe,Avoid side panel tab overriden by show page (#18800),core app change worth pulling,packages/twenty-front (1),1,Pull lower-urgency behavior improvements only after the high-value fixes land cleanly.,"Smoke the specific UX after each chunk; these are nice-to-have, not urgent.",https://github.com/twentyhq/twenty/commit/698c15b8cdf331185caf959b1cc2da616c21b9fe
175,5,Optional Changes,5A,Optional Product Behavior,5A-01,high,363,2026-03-21,d389a4341d,d389a4341d5473b9977003eaed801292db32b638,[Fix]: Vertical bar charts with max data range do not show data up to the top if above max data range (#18748),core app change worth pulling,"packages/twenty-front (19), packages/twenty-server (9)",28,Pull lower-urgency behavior improvements only after the high-value fixes land cleanly.,"Smoke the specific UX after each chunk; these are nice-to-have, not urgent.",https://github.com/twentyhq/twenty/commit/d389a4341d5473b9977003eaed801292db32b638
176,5,Optional Changes,5A,Optional Product Behavior,5A-01,medium,425,2026-03-24,4c6e102493,4c6e1024931e26cdd714f8c3061e92e090fef84e,Display found items after full items loaded (#18914),core app change worth pulling,packages/twenty-front (1),1,Pull lower-urgency behavior improvements only after the high-value fixes land cleanly.,"Smoke the specific UX after each chunk; these are nice-to-have, not urgent.",https://github.com/twentyhq/twenty/commit/4c6e1024931e26cdd714f8c3061e92e090fef84e
177,5,Optional Changes,5A,Optional Product Behavior,5A-02,medium,480,2026-03-25,441a9464d1,441a9464d1f1ece75a8d3a75f868d044af22dc16,Fixed board no value column not fetching more (#18977),core app change worth pulling,packages/twenty-front (1),1,Pull lower-urgency behavior improvements only after the high-value fixes land cleanly.,"Smoke the specific UX after each chunk; these are nice-to-have, not urgent.",https://github.com/twentyhq/twenty/commit/441a9464d1f1ece75a8d3a75f868d044af22dc16
178,5,Optional Changes,5A,Optional Product Behavior,5A-02,medium,521,2026-03-26,f47608de07,f47608de073636f041968e9334c4b55b11817fa7,Clear navbar edit selection when closing the side panel (#18940),core app change worth pulling,packages/twenty-front (2),2,Pull lower-urgency behavior improvements only after the high-value fixes land cleanly.,"Smoke the specific UX after each chunk; these are nice-to-have, not urgent.",https://github.com/twentyhq/twenty/commit/f47608de073636f041968e9334c4b55b11817fa7
179,5,Optional Changes,5A,Optional Product Behavior,5A-02,medium,671,2026-04-02,4dfd6426c2,4dfd6426c2c2e4657071a25e025ddec7d46f08c4,Disable going to settings in layout edit mode (#19265),core app change worth pulling,packages/twenty-front (4),4,Pull lower-urgency behavior improvements only after the high-value fixes land cleanly.,"Smoke the specific UX after each chunk; these are nice-to-have, not urgent.",https://github.com/twentyhq/twenty/commit/4dfd6426c2c2e4657071a25e025ddec7d46f08c4
180,5,Optional Changes,5A,Optional Product Behavior,5A-02,medium,682,2026-04-02,77315b7f6e,77315b7f6e943dd50dc8e8e262f93188584fcb20,Sync record selection with the edit mode (#19276),core app change worth pulling,packages/twenty-front (12),12,Pull lower-urgency behavior improvements only after the high-value fixes land cleanly.,"Smoke the specific UX after each chunk; these are nice-to-have, not urgent.",https://github.com/twentyhq/twenty/commit/77315b7f6e943dd50dc8e8e262f93188584fcb20
